<!DOCTYPE hibernate-mapping PUBLIC "-//Hibernate/Hibernate Mapping DTD 3.0//EN" "http://www.hibernate.org/dtd/hibernate-mapping-3.0.dtd">  

<hibernate-mapping>
    <class name="edu.uag.iidis.scec.modelo.Auto"
           table="Autos"
           dynamic-update="false"
           dynamic-insert="false">

        <id name="id"
            column="idAuto"
            type="java.lang.Long"
            unsaved-value="null" >
            <generator class="increment">
            </generator>
        </id>

        <property name="marca"
			column="Marca"
            type="java.lang.String"
            not-null="true"
            unique="true" />   

		<property name="color" 
			column="Color"
            type="java.lang.String"
            not-null="true"
            unique="true" />
			
		<property name="placas" 
            type="java.lang.String"
            not-null="true"
            unique="true" />	
		
		<property name="propietario"
            type="java.lang.String"
            not-null="true"
            unique="true" />

    </class>

</hibernate-mapping>
