<!DOCTYPE hibernate-mapping PUBLIC "-//Hibernate/Hibernate Mapping DTD 3.0//EN" "http://www.hibernate.org/dtd/hibernate-mapping-3.0.dtd">  

<hibernate-mapping>
    <class name="edu.uag.iidis.scec.modelo.Ciudad"
           table="Ciudades"
           dynamic-update="false"
           dynamic-insert="false">

        <id name="id"
            column="idCiudad"
            type="java.lang.Long"
            unsaved-value="null" >
            <generator class="increment">
            </generator>
        </id>
        <property name="idEstado"
            type="java.lang.Long"
            not-null="true" />
        <property name="nombre"
            type="java.lang.String"
            not-null="true"
            unique="true" />

        <property name="descripcion"
            type="java.lang.String" />
 
    </class>

</hibernate-mapping>
