<!DOCTYPE hibernate-mapping PUBLIC "-//Hibernate/Hibernate Mapping DTD 3.0//EN" "http://www.hibernate.org/dtd/hibernate-mapping-3.0.dtd">  

<hibernate-mapping>
    <class name="edu.uag.iidis.scec.modelo.Gente"
           table="Personas"
           dynamic-update="false"
           dynamic-insert="false">

        <id name="id"
            column="idPersona"
            type="java.lang.Long"
            unsaved-value="null" >
            <generator class="increment">
            </generator>
        </id>
        <property name="idCiudad"
            type="java.lang.Long"
            not-null="true" />
        
        <property name="Nombres"
            type="java.lang.String"
            not-null="true" />

        <property name="Apellidos"
            type="java.lang.String"
            not-null="true" />

        <property name="Direccion"
            type="java.lang.String" />

        <property name="Telefono"
            type="java.lang.String" />
            
        <property name="claveAcceso"
            type="java.lang.String" />
    </class>

</hibernate-mapping>
