<!DOCTYPE hibernate-mapping PUBLIC "-//Hibernate/Hibernate Mapping DTD 3.0//EN" "http://www.hibernate.org/dtd/hibernate-mapping-3.0.dtd">  

<hibernate-mapping>
    <class name="edu.uag.iidis.scec.modelo.Login"
           table="usuariofinal"
           dynamic-update="false"
           dynamic-insert="false">

        <id name="id"
            column="idUsuario"
            type="java.lang.Long"
            unsaved-value="null" >
            <generator class="increment">
            </generator>
        </id>       
        <property name="nombrePrefijo"
            type="java.lang.String"
            not-null="true" />

        <property name="claveAcceso"
            type="java.lang.String"
            not-null="true" />

    </class>

</hibernate-mapping>
